State,Filed week ended,Initial Claims,Reflecting Week Ended,Continued Claims,Covered Employment,Insured Unemployment Rate
Alabama,1/4/2020,4578,12/28/2019,18523,1923741,0.96
Alabama,1/11/2020,3629,1/4/2020,21143,1923741,1.1
Alabama,1/18/2020,2483,1/11/2020,17402,1923741,0.9
Alabama,1/25/2020,2129,1/18/2020,18390,1923741,0.96
Alabama,2/1/2020,2170,1/25/2020,17284,1923741,0.9
Alabama,2/8/2020,2176,2/1/2020,16745,1923741,0.87
Alabama,2/15/2020,1981,2/8/2020,16571,1923741,0.86
Alabama,2/22/2020,1735,2/15/2020,16059,1923741,0.83
Alabama,2/29/2020,1575,2/22/2020,14721,1923741,0.77
Alabama,3/7/2020,1663,2/29/2020,13657,1923741,0.71
Alabama,3/14/2020,1819,3/7/2020,13070,1923741,0.68
Alabama,3/21/2020,10892,3/14/2020,12487,1923741,0.65
Alabama,3/28/2020,80984,3/21/2020,18083,1923741,0.94
Alabama,4/4/2020,106739,3/28/2020,52176,1923741,2.71
Alabama,4/11/2020,77515,4/4/2020,95325,1929897,4.94
Alabama,4/18/2020,66432,4/11/2020,144327,1929897,7.48
Alabama,4/25/2020,74966,4/18/2020,173855,1929897,9.01
Alabama,5/2/2020,28985,4/25/2020,214684,1929897,11.12
Alabama,5/9/2020,26666,5/2/2020,216856,1929897,11.24
Alabama,5/16/2020,25150,5/9/2020,203677,1929897,10.55
Alaska,1/4/2020,981,12/28/2019,10177,306493,3.32
Alaska,1/11/2020,1371,1/4/2020,9310,307329,3.03
Alaska,1/18/2020,1181,1/11/2020,9984,307329,3.25
Alaska,1/25/2020,1003,1/18/2020,9496,307329,3.09
Alaska,2/1/2020,1122,1/25/2020,9579,307329,3.12
Alaska,2/8/2020,980,2/1/2020,9161,307329,2.98
Alaska,2/15/2020,915,2/8/2020,9343,307329,3.04
Alaska,2/22/2020,773,2/15/2020,8864,307329,2.88
Alaska,2/29/2020,874,2/22/2020,8938,307329,2.91
Alaska,3/7/2020,815,2/29/2020,8266,307329,2.69
Alaska,3/14/2020,1120,3/7/2020,8522,307329,2.77
Alaska,3/21/2020,7847,3/14/2020,8512,307329,2.77
Alaska,3/28/2020,13774,3/21/2020,11173,307329,3.64
Alaska,4/4/2020,14590,3/28/2020,19845,307329,6.46
Alaska,4/11/2020,12007,4/4/2020,35365,308137,11.48
Alaska,4/18/2020,12201,4/11/2020,48096,308137,15.61
Alaska,4/25/2020,10313,4/18/2020,52022,308137,16.88
Alaska,5/2/2020,8718,4/25/2020,49893,308137,16.19
Alaska,5/9/2020,7807,5/2/2020,50971,308137,16.54
Alaska,5/16/2020,7741,5/9/2020,50049,308137,16.24
Arkansas,1/4/2020,2576,12/28/2019,15323,1193713,1.28
Arkansas,1/11/2020,2493,1/4/2020,15536,1195622,1.3
Arkansas,1/18/2020,1729,1/11/2020,13229,1195622,1.11
Arkansas,1/25/2020,1683,1/18/2020,12331,1195622,1.03
Arkansas,2/1/2020,1837,1/25/2020,13210,1195622,1.1
Arkansas,2/8/2020,1724,2/1/2020,12964,1195622,1.08
Arkansas,2/15/2020,1602,2/8/2020,12979,1195622,1.09
Arkansas,2/22/2020,1055,2/15/2020,12546,1195622,1.05
Arkansas,2/29/2020,1418,2/22/2020,12244,1195622,1.02
Arkansas,3/7/2020,1843,2/29/2020,11618,1195622,0.97
Arkansas,3/14/2020,1382,3/7/2020,11514,1195622,0.96
Arkansas,3/21/2020,9275,3/14/2020,10988,1195622,0.92
Arkansas,3/28/2020,27756,3/21/2020,16148,1195622,1.35
Arkansas,4/4/2020,62086,3/28/2020,36499,1195622,3.05
Arkansas,4/11/2020,35629,4/4/2020,66511,1196468,5.56
Arkansas,4/18/2020,25404,4/11/2020,91278,1196468,7.63
Arkansas,4/25/2020,17671,4/18/2020,109337,1196468,9.14
Arkansas,5/2/2020,13448,4/25/2020,119332,1196468,9.97
Arkansas,5/9/2020,13152,5/2/2020,122522,1196468,10.24
Arkansas,5/16/2020,11427,5/9/2020,122408,1196468,10.23
Arizona,1/4/2020,3132,12/28/2019,17991,2864180,0.63
Arizona,1/11/2020,4654,1/4/2020,18259,2864180,0.64
Arizona,1/18/2020,4152,1/11/2020,18421,2864180,0.64
Arizona,1/25/2020,3475,1/18/2020,18401,2864180,0.64
Arizona,2/1/2020,3807,1/25/2020,18854,2864180,0.66
Arizona,2/8/2020,3636,2/1/2020,18461,2864180,0.64
Arizona,2/15/2020,3538,2/8/2020,18516,2864180,0.65
Arizona,2/22/2020,3151,2/15/2020,18217,2864180,0.64
Arizona,2/29/2020,3086,2/22/2020,18137,2864180,0.63
Arizona,3/7/2020,3357,2/29/2020,17593,2864180,0.61
Arizona,3/14/2020,3844,3/7/2020,17595,2864180,0.61
Arizona,3/21/2020,29348,3/14/2020,18108,2864180,0.63
Arizona,3/28/2020,88940,3/21/2020,26387,2864180,0.92
Arizona,4/4/2020,132428,3/28/2020,62597,2864180,2.19
Arizona,4/11/2020,98531,4/4/2020,120592,2864180,4.21
Arizona,4/18/2020,72457,4/11/2020,170262,2885408,5.9
Arizona,4/25/2020,52581,4/18/2020,196401,2885408,6.81
Arizona,5/2/2020,43023,4/25/2020,218760,2885408,7.58
Arizona,5/9/2020,31570,5/2/2020,228806,2885408,7.93
Arizona,5/16/2020,31957,5/9/2020,230566,2885408,7.99
California,1/4/2020,36720,12/28/2019,359606,17203829,2.09
California,1/11/2020,51993,1/4/2020,356376,17265039,2.06
California,1/18/2020,64858,1/11/2020,376947,17265039,2.18
California,1/25/2020,45596,1/18/2020,336269,17265039,1.95
California,2/1/2020,43458,1/25/2020,388341,17265039,2.25
California,2/8/2020,40392,2/1/2020,359156,17265039,2.08
California,2/15/2020,43445,2/8/2020,375305,17265039,2.17
California,2/22/2020,34979,2/15/2020,349252,17265039,2.02
California,2/29/2020,41678,2/22/2020,369988,17265039,2.14
California,3/7/2020,43385,2/29/2020,378864,17265039,2.19
California,3/14/2020,57606,3/7/2020,351344,17265039,2.04
California,3/21/2020,186333,3/14/2020,421912,17265039,2.44
California,3/28/2020,1058325,3/21/2020,400565,17265039,2.32
California,4/4/2020,918814,3/28/2020,1076761,17265039,6.24
California,4/11/2020,655472,4/4/2020,1429954,17330010,8.25
California,4/18/2020,528360,4/11/2020,2422458,17330010,13.98
California,4/25/2020,325343,4/18/2020,1887575,17330010,10.89
California,5/2/2020,316257,4/25/2020,4808361,17330010,27.75
California,5/9/2020,212667,5/2/2020,2850204,17330010,16.45
California,5/16/2020,244431,5/9/2020,3565153,17330010,20.57
Colorado,1/4/2020,2431,12/28/2019,21391,2635231,0.81
Colorado,1/11/2020,3001,1/4/2020,21492,2650335,0.81
Colorado,1/18/2020,2522,1/11/2020,21104,2650335,0.8
Colorado,1/25/2020,2164,1/18/2020,22738,2650335,0.86
Colorado,2/1/2020,2049,1/25/2020,21560,2650335,0.81
Colorado,2/8/2020,2482,2/1/2020,22881,2650335,0.86
Colorado,2/15/2020,2209,2/8/2020,22076,2650335,0.83
Colorado,2/22/2020,1862,2/15/2020,23694,2650335,0.89
Colorado,2/29/2020,1681,2/22/2020,22409,2650335,0.85
Colorado,3/7/2020,1865,2/29/2020,22908,2650335,0.86
Colorado,3/14/2020,2321,3/7/2020,21260,2650335,0.8
Colorado,3/21/2020,19774,3/14/2020,21309,2650335,0.8
Colorado,3/28/2020,61838,3/21/2020,21956,2650335,0.83
Colorado,4/4/2020,46326,3/28/2020,73584,2650335,2.78
Colorado,4/11/2020,104572,4/4/2020,166593,2666358,6.25
Colorado,4/18/2020,67639,4/11/2020,171434,2666358,6.43
Colorado,4/25/2020,38662,4/18/2020,228713,2666358,8.58
Colorado,5/2/2020,28360,4/25/2020,228683,2666358,8.58
Colorado,5/9/2020,22732,5/2/2020,261951,2666358,9.82
Colorado,5/16/2020,18054,5/9/2020,246507,2666358,9.25
Connecticut,1/4/2020,7852,12/28/2019,46562,1655540,2.81
Connecticut,1/11/2020,5986,1/4/2020,47540,1654391,2.87
Connecticut,1/18/2020,3776,1/11/2020,42483,1654391,2.57
Connecticut,1/25/2020,2949,1/18/2020,41760,1654391,2.52
Connecticut,2/1/2020,2994,1/25/2020,41725,1654391,2.52
Connecticut,2/8/2020,2944,2/1/2020,41633,1654391,2.52
Connecticut,2/15/2020,2520,2/8/2020,39384,1654391,2.38
Connecticut,2/22/2020,2435,2/15/2020,41691,1654391,2.52
Connecticut,2/29/2020,2843,2/22/2020,42168,1654391,2.55
Connecticut,3/7/2020,2527,2/29/2020,40638,1654391,2.46
Connecticut,3/14/2020,3440,3/7/2020,39786,1654391,2.4
Connecticut,3/21/2020,25100,3/14/2020,44194,1654391,2.67
Connecticut,3/28/2020,33227,3/21/2020,80861,1654391,4.89
Connecticut,4/4/2020,33464,3/28/2020,147939,1654391,8.94
Connecticut,4/11/2020,34050,4/4/2020,189196,1653302,11.44
Connecticut,4/18/2020,102808,4/11/2020,306047,1653302,18.51
Connecticut,4/25/2020,33041,4/18/2020,309111,1653302,18.7
Connecticut,5/2/2020,36138,4/25/2020,297549,1653302,18
Connecticut,5/9/2020,30046,5/2/2020,319529,1653302,19.33
Connecticut,5/16/2020,25960,5/9/2020,297088,1653302,17.97
Delaware,1/4/2020,875,12/28/2019,6881,441663,1.56
Delaware,1/11/2020,1107,1/4/2020,7083,443288,1.6
Delaware,1/18/2020,830,1/11/2020,5967,443288,1.35
Delaware,1/25/2020,674,1/18/2020,5703,443288,1.29
Delaware,2/1/2020,622,1/25/2020,6830,443288,1.54
Delaware,2/8/2020,608,2/1/2020,5888,443288,1.33
Delaware,2/15/2020,610,2/8/2020,5917,443288,1.33
Delaware,2/22/2020,632,2/15/2020,5921,443288,1.34
Delaware,2/29/2020,524,2/22/2020,6742,443288,1.52
Delaware,3/7/2020,518,2/29/2020,5480,443288,1.24
Delaware,3/14/2020,472,3/7/2020,5310,443288,1.2
Delaware,3/21/2020,10776,3/14/2020,5297,443288,1.19
Delaware,3/28/2020,19137,3/21/2020,11506,443288,2.6
Delaware,4/4/2020,18851,3/28/2020,19442,443288,4.39
Delaware,4/11/2020,13258,4/4/2020,29577,445741,6.64
Delaware,4/18/2020,9446,4/11/2020,38451,445741,8.63
Delaware,4/25/2020,7947,4/18/2020,44977,445741,10.09
Delaware,5/2/2020,6297,4/25/2020,52501,445741,11.78
Delaware,5/9/2020,5197,5/2/2020,50205,445741,11.26
Delaware,5/16/2020,5554,5/9/2020,51010,445741,11.44
District of Columbia,1/4/2020,481,12/28/2019,7198,576878,1.25
District of Columbia,1/11/2020,706,1/4/2020,7102,578035,1.23
District of Columbia,1/18/2020,594,1/11/2020,7271,578035,1.26
District of Columbia,1/25/2020,534,1/18/2020,7149,578035,1.24
District of Columbia,2/1/2020,539,1/25/2020,7139,578035,1.24
District of Columbia,2/8/2020,508,2/1/2020,7156,578035,1.24
District of Columbia,2/15/2020,473,2/8/2020,7079,578035,1.22
District of Columbia,2/22/2020,422,2/15/2020,7003,578035,1.21
District of Columbia,2/29/2020,452,2/22/2020,7020,578035,1.21
District of Columbia,3/7/2020,471,2/29/2020,6792,578035,1.18
District of Columbia,3/14/2020,1213,3/7/2020,6746,578035,1.17
District of Columbia,3/21/2020,14462,3/14/2020,7378,578035,1.28
District of Columbia,3/28/2020,15869,3/21/2020,17661,578035,3.06
District of Columbia,4/4/2020,15329,3/28/2020,31385,578035,5.43
District of Columbia,4/11/2020,9974,4/4/2020,42224,579419,7.29
District of Columbia,4/18/2020,8639,4/11/2020,47465,579419,8.19
District of Columbia,4/25/2020,8708,4/18/2020,52534,579419,9.07
District of Columbia,5/2/2020,8113,4/25/2020,58634,579419,10.12
District of Columbia,5/9/2020,5782,5/2/2020,65298,579419,11.27
District of Columbia,5/16/2020,5196,5/9/2020,68844,579419,11.88
Florida,1/4/2020,4618,12/28/2019,36189,8608066,0.42
Florida,1/11/2020,6862,1/4/2020,35024,8604277,0.41
Florida,1/18/2020,6088,1/11/2020,34718,8604277,0.4
Florida,1/25/2020,5206,1/18/2020,33347,8604277,0.39
Florida,2/1/2020,5457,1/25/2020,35871,8604277,0.42
Florida,2/8/2020,5605,2/1/2020,33176,8604277,0.39
Florida,2/15/2020,5229,2/8/2020,34449,8604277,0.4
Florida,2/22/2020,4861,2/15/2020,33570,8604277,0.39
Florida,2/29/2020,4853,2/22/2020,33421,8604277,0.39
Florida,3/7/2020,5325,2/29/2020,32262,8604277,0.37
Florida,3/14/2020,6463,3/7/2020,32244,8604277,0.37
Florida,3/21/2020,74313,3/14/2020,33728,8604277,0.39
Florida,3/28/2020,228484,3/21/2020,35076,8604277,0.41
Florida,4/4/2020,169885,3/28/2020,98921,8604277,1.15
Florida,4/11/2020,180419,4/4/2020,339448,8590846,3.95
Florida,4/18/2020,506670,4/11/2020,177021,8590846,2.06
Florida,4/25/2020,433103,4/18/2020,540554,8590846,6.29
Florida,5/2/2020,174860,4/25/2020,444561,8590846,5.17
Florida,5/9/2020,223082,5/2/2020,1035207,8590846,12.05
Florida,5/16/2020,225404,5/9/2020,2151108,8590846,25.04
Georgia,1/4/2020,17060,12/28/2019,38704,4353840,0.89
Georgia,1/11/2020,17962,1/4/2020,47482,4373059,1.09
Georgia,1/18/2020,8161,1/11/2020,32079,4373059,0.73
Georgia,1/25/2020,5257,1/18/2020,28998,4373059,0.66
Georgia,2/1/2020,5199,1/25/2020,28332,4373059,0.65
Georgia,2/8/2020,5577,2/1/2020,26984,4373059,0.62
Georgia,2/15/2020,6277,2/8/2020,27317,4373059,0.62
Georgia,2/22/2020,5030,2/15/2020,26963,4373059,0.62
Georgia,2/29/2020,5538,2/22/2020,26958,4373059,0.62
Georgia,3/7/2020,4569,2/29/2020,25079,4373059,0.57
Georgia,3/14/2020,5445,3/7/2020,25352,4373059,0.58
Georgia,3/21/2020,12140,3/14/2020,27507,4373059,0.63
Georgia,3/28/2020,133820,3/21/2020,107877,4373059,2.47
Georgia,4/4/2020,390132,3/28/2020,360077,4373059,8.23
Georgia,4/11/2020,319581,4/4/2020,595418,4388404,13.57
Georgia,4/18/2020,247003,4/11/2020,611889,4388404,13.94
Georgia,4/25/2020,266565,4/18/2020,758856,4388404,17.29
Georgia,5/2/2020,228352,4/25/2020,885764,4388404,20.18
Georgia,5/9/2020,242772,5/2/2020,812913,4388404,18.52
Georgia,5/16/2020,177731,5/9/2020,790178,4388404,18.01
Hawaii,1/4/2020,1825,12/28/2019,6813,623074,1.09
Hawaii,1/11/2020,1826,1/4/2020,7849,621949,1.26
Hawaii,1/18/2020,1234,1/11/2020,6623,621949,1.06
Hawaii,1/25/2020,1014,1/18/2020,6407,621949,1.03
Hawaii,2/1/2020,1135,1/25/2020,6070,621949,0.98
Hawaii,2/8/2020,1137,2/1/2020,6205,621949,1
Hawaii,2/15/2020,1199,2/8/2020,6121,621949,0.98
Hawaii,2/22/2020,1020,2/15/2020,6223,621949,1
Hawaii,2/29/2020,1049,2/22/2020,5951,621949,0.96
Hawaii,3/7/2020,1275,2/29/2020,6047,621949,0.97
Hawaii,3/14/2020,1589,3/7/2020,6204,621949,1
Hawaii,3/21/2020,8817,3/14/2020,6477,621949,1.04
Hawaii,3/28/2020,48596,3/21/2020,10997,621949,1.77
Hawaii,4/4/2020,53102,3/28/2020,32226,621949,5.18
Hawaii,4/11/2020,34717,4/4/2020,48305,621474,7.77
Hawaii,4/18/2020,26591,4/11/2020,72261,621474,11.63
Hawaii,4/25/2020,22496,4/18/2020,68637,621474,11.04
Hawaii,5/2/2020,15177,4/25/2020,88104,621474,14.18
Hawaii,5/9/2020,12329,5/2/2020,110910,621474,17.85
Hawaii,5/16/2020,10964,5/9/2020,145543,621474,23.42
Idaho,1/4/2020,2957,12/28/2019,8854,722812,1.22
Idaho,1/11/2020,2131,1/4/2020,11483,727996,1.58
Idaho,1/18/2020,2172,1/11/2020,11931,727996,1.64
Idaho,1/25/2020,1821,1/18/2020,11833,727996,1.63
Idaho,2/1/2020,1446,1/25/2020,11337,727996,1.56
Idaho,2/8/2020,1443,2/1/2020,11389,727996,1.56
Idaho,2/15/2020,1356,2/8/2020,11334,727996,1.56
Idaho,2/22/2020,1114,2/15/2020,11275,727996,1.55
Idaho,2/29/2020,998,2/22/2020,10587,727996,1.45
Idaho,3/7/2020,938,2/29/2020,10167,727996,1.4
Idaho,3/14/2020,1031,3/7/2020,9336,727996,1.28
Idaho,3/21/2020,13586,3/14/2020,7869,727996,1.08
Idaho,3/28/2020,32941,3/21/2020,15523,727996,2.13
Idaho,4/4/2020,30904,3/28/2020,35915,727996,4.93
Idaho,4/11/2020,18531,4/4/2020,59139,733499,8.06
Idaho,4/18/2020,13023,4/11/2020,67722,733499,9.23
Idaho,4/25/2020,8827,4/18/2020,71416,733499,9.74
Idaho,5/2/2020,7495,4/25/2020,71794,733499,9.79
Idaho,5/9/2020,5795,5/2/2020,65478,733499,8.93
Idaho,5/16/2020,5800,5/9/2020,60121,733499,8.2
Illinois,1/4/2020,11779,12/28/2019,125348,5902475,2.12
Illinois,1/11/2020,12703,1/4/2020,136523,5910898,2.31
Illinois,1/18/2020,14807,1/11/2020,133967,5910898,2.27
Illinois,1/25/2020,9762,1/18/2020,131469,5910898,2.22
Illinois,2/1/2020,9343,1/25/2020,143239,5910898,2.42
Illinois,2/8/2020,9794,2/1/2020,130900,5910898,2.21
Illinois,2/15/2020,8045,2/8/2020,133765,5910898,2.26
Illinois,2/22/2020,11812,2/15/2020,131171,5910898,2.22
Illinois,2/29/2020,8980,2/22/2020,132123,5910898,2.24
Illinois,3/7/2020,8727,2/29/2020,136396,5910898,2.31
Illinois,3/14/2020,11305,3/7/2020,130293,5910898,2.2
Illinois,3/21/2020,126716,3/14/2020,125422,5910898,2.12
Illinois,3/28/2020,185575,3/21/2020,132058,5910898,2.23
Illinois,4/4/2020,202157,3/28/2020,263018,5910898,4.45
Illinois,4/11/2020,140787,4/4/2020,452826,5914575,7.66
Illinois,4/18/2020,118996,4/11/2020,569200,5914575,9.62
Illinois,4/25/2020,101322,4/18/2020,681002,5914575,11.51
Illinois,5/2/2020,74476,4/25/2020,695971,5914575,11.77
Illinois,5/9/2020,72671,5/2/2020,755912,5914575,12.78
Illinois,5/16/2020,72780,5/9/2020,733542,5914575,12.4
Indiana,1/4/2020,4434,12/28/2019,20062,3034091,0.66
Indiana,1/11/2020,4890,1/4/2020,21524,3039304,0.71
Indiana,1/18/2020,3741,1/11/2020,21626,3039304,0.71
Indiana,1/25/2020,2956,1/18/2020,21366,3039304,0.7
Indiana,2/1/2020,3016,1/25/2020,22017,3039304,0.72
Indiana,2/8/2020,2725,2/1/2020,22212,3039304,0.73
Indiana,2/15/2020,2556,2/8/2020,22352,3039304,0.74
Indiana,2/22/2020,2979,2/15/2020,22913,3039304,0.75
Indiana,2/29/2020,2276,2/22/2020,22994,3039304,0.76
Indiana,3/7/2020,2223,2/29/2020,22586,3039304,0.74
Indiana,3/14/2020,2596,3/7/2020,21473,3039304,0.71
Indiana,3/21/2020,59755,3/14/2020,20778,3039304,0.68
Indiana,3/28/2020,139174,3/21/2020,28987,3039304,0.95
Indiana,4/4/2020,127010,3/28/2020,71737,3039304,2.36
Indiana,4/11/2020,113755,4/4/2020,147583,3041986,4.85
Indiana,4/18/2020,72756,4/11/2020,206386,3041986,6.78
Indiana,4/25/2020,55774,4/18/2020,253929,3041986,8.35
Indiana,5/2/2020,42290,4/25/2020,271248,3041986,8.92
Indiana,5/9/2020,29668,5/2/2020,285460,3041986,9.38
Indiana,5/16/2020,29436,5/9/2020,270385,3041986,8.89
Iowa,1/4/2020,4586,12/28/2019,34549,1529213,2.26
Iowa,1/11/2020,4836,1/4/2020,34540,1530920,2.26
Iowa,1/18/2020,3615,1/11/2020,29625,1530920,1.94
Iowa,1/25/2020,3115,1/18/2020,30369,1530920,1.98
Iowa,2/1/2020,3066,1/25/2020,30890,1530920,2.02
Iowa,2/8/2020,2379,2/1/2020,30789,1530920,2.01
Iowa,2/15/2020,2239,2/8/2020,30799,1530920,2.01
Iowa,2/22/2020,2631,2/15/2020,30741,1530920,2.01
Iowa,2/29/2020,2240,2/22/2020,30516,1530920,1.99
Iowa,3/7/2020,2221,2/29/2020,29424,1530920,1.92
Iowa,3/14/2020,2229,3/7/2020,27816,1530920,1.82
Iowa,3/21/2020,40952,3/14/2020,26496,1530920,1.73
Iowa,3/28/2020,55966,3/21/2020,53650,1530920,3.5
Iowa,4/4/2020,64194,3/28/2020,91631,1530920,5.99
Iowa,4/11/2020,43889,4/4/2020,127332,1531621,8.31
Iowa,4/18/2020,26901,4/11/2020,150445,1531621,9.82
Iowa,4/25/2020,27220,4/18/2020,168971,1531621,11.03
Iowa,5/2/2020,23241,4/25/2020,179610,1531621,11.73
Iowa,5/9/2020,15820,5/2/2020,189643,1531621,12.38
Iowa,5/16/2020,12056,5/9/2020,184641,1531621,12.06
Kansas,1/4/2020,2019,12/28/2019,11175,1359781,0.82
Kansas,1/11/2020,2140,1/4/2020,11431,1363114,0.84
Kansas,1/18/2020,2402,1/11/2020,10638,1363114,0.78
Kansas,1/25/2020,2557,1/18/2020,11182,1363114,0.82
Kansas,2/1/2020,2000,1/25/2020,12301,1363114,0.9
Kansas,2/8/2020,2107,2/1/2020,11809,1363114,0.87
Kansas,2/15/2020,2076,2/8/2020,11666,1363114,0.86
Kansas,2/22/2020,1494,2/15/2020,12003,1363114,0.88
Kansas,2/29/2020,1517,2/22/2020,11505,1363114,0.84
Kansas,3/7/2020,1365,2/29/2020,11003,1363115,0.81
Kansas,3/14/2020,1755,3/7/2020,9771,1363114,0.72
Kansas,3/21/2020,23563,3/14/2020,9973,1363114,0.73
Kansas,3/28/2020,54330,3/21/2020,17558,1363114,1.29
Kansas,4/4/2020,49306,3/28/2020,51425,1363114,3.77
Kansas,4/11/2020,29873,4/4/2020,78334,1364944,5.74
Kansas,4/18/2020,30596,4/11/2020,97478,1364944,7.14
Kansas,4/25/2020,24483,4/18/2020,119022,1364944,8.72
Kansas,5/2/2020,15959,4/25/2020,120701,1364944,8.84
Kansas,5/9/2020,12234,5/2/2020,117977,1364944,8.64
Kansas,5/16/2020,11238,5/9/2020,108565,1364944,7.95
Kentucky,1/4/2020,5175,12/28/2019,22515,1890475,1.19
Kentucky,1/11/2020,3968,1/4/2020,25124,1890475,1.33
Kentucky,1/18/2020,3084,1/11/2020,24066,1890475,1.27
Kentucky,1/25/2020,2569,1/18/2020,22874,1890475,1.21
Kentucky,2/1/2020,2625,1/25/2020,23219,1890475,1.23
Kentucky,2/8/2020,2936,2/1/2020,22937,1890475,1.21
Kentucky,2/15/2020,2813,2/8/2020,23076,1890475,1.22
Kentucky,2/22/2020,2508,2/15/2020,22623,1890475,1.2
Kentucky,2/29/2020,2223,2/22/2020,23733,1890475,1.26
Kentucky,3/7/2020,2463,2/29/2020,22770,1890475,1.2
Kentucky,3/14/2020,2785,3/7/2020,22940,1890475,1.21
Kentucky,3/21/2020,49023,3/14/2020,22328,1890475,1.18
Kentucky,3/28/2020,113149,3/21/2020,24361,1890475,1.29
Kentucky,4/4/2020,117575,3/28/2020,130151,1890475,6.88
Kentucky,4/11/2020,116277,4/4/2020,182097,1893451,9.62
Kentucky,4/18/2020,103981,4/11/2020,199030,1893451,10.51
Kentucky,4/25/2020,91223,4/18/2020,260792,1893451,13.77
Kentucky,5/2/2020,82435,4/25/2020,256317,1893451,13.54
Kentucky,5/9/2020,69372,5/2/2020,253250,1893451,13.38
Kentucky,5/16/2020,47321,5/9/2020,246865,1893451,13.04
Louisiana,1/4/2020,1658,12/28/2019,16553,1890973,0.88
Louisiana,1/11/2020,2521,1/4/2020,15957,1892522,0.84
Louisiana,1/18/2020,2008,1/11/2020,16076,1892522,0.85
Louisiana,1/25/2020,1878,1/18/2020,15500,1892522,0.82
Louisiana,2/1/2020,2058,1/25/2020,16189,1892522,0.86
Louisiana,2/8/2020,1805,2/1/2020,15051,1892522,0.8
Louisiana,2/15/2020,1739,2/8/2020,15057,1892522,0.8
Louisiana,2/22/2020,1798,2/15/2020,14640,1892522,0.77
Louisiana,2/29/2020,1509,2/22/2020,15289,1892522,0.81
Louisiana,3/7/2020,1698,2/29/2020,14199,1892522,0.75
Louisiana,3/14/2020,2255,3/7/2020,13987,1892522,0.74
Louisiana,3/21/2020,72438,3/14/2020,14143,1892522,0.75
Louisiana,3/28/2020,97400,3/21/2020,58027,1892522,3.07
Louisiana,4/4/2020,100621,3/28/2020,116690,1892522,6.17
Louisiana,4/11/2020,79653,4/4/2020,217532,1891334,11.5
Louisiana,4/18/2020,91923,4/11/2020,246296,1891334,13.02
Louisiana,4/25/2020,66141,4/18/2020,300657,1891334,15.9
Louisiana,5/2/2020,50941,4/25/2020,310013,1891334,16.39
Louisiana,5/9/2020,40125,5/2/2020,325136,1891334,17.19
Louisiana,5/16/2020,28545,5/9/2020,326504,1891334,17.26
Maine,1/4/2020,1663,12/28/2019,7828,601875,1.3
Maine,1/11/2020,1561,1/4/2020,7832,602736,1.3
Maine,1/18/2020,959,1/11/2020,8661,602736,1.44
Maine,1/25/2020,944,1/18/2020,8457,602736,1.4
Maine,2/1/2020,881,1/25/2020,8916,602736,1.48
Maine,2/8/2020,702,2/1/2020,8809,602736,1.46
Maine,2/15/2020,790,2/8/2020,8896,602736,1.48
Maine,2/22/2020,737,2/15/2020,8624,602736,1.43
Maine,2/29/2020,862,2/22/2020,9007,602736,1.49
Maine,3/7/2020,715,2/29/2020,8739,602736,1.45
Maine,3/14/2020,634,3/7/2020,8451,602736,1.4
Maine,3/21/2020,21459,3/14/2020,8703,602736,1.44
Maine,3/28/2020,23770,3/21/2020,21967,602736,3.64
Maine,4/4/2020,30910,3/28/2020,41339,602736,6.86
Maine,4/11/2020,13488,4/4/2020,55723,603932,9.23
Maine,4/18/2020,11769,4/11/2020,66525,603932,11.02
Maine,4/25/2020,7661,4/18/2020,73141,603932,12.11
Maine,5/2/2020,6993,4/25/2020,76773,603932,12.71
Maine,5/9/2020,5579,5/2/2020,87280,603932,14.45
Maine,5/16/2020,4726,5/9/2020,92207,603932,15.27
Maryland,1/4/2020,3997,12/28/2019,30571,2547265,1.2
Maryland,1/11/2020,4627,1/4/2020,31292,2549408,1.23
Maryland,1/18/2020,3739,1/11/2020,29203,2549408,1.15
Maryland,1/25/2020,3283,1/18/2020,29231,2549408,1.15
Maryland,2/1/2020,3203,1/25/2020,29788,2549408,1.17
Maryland,2/8/2020,3150,2/1/2020,29342,2549408,1.15
Maryland,2/15/2020,3048,2/8/2020,29219,2549408,1.15
Maryland,2/22/2020,2700,2/15/2020,29095,2549408,1.14
Maryland,2/29/2020,2626,2/22/2020,28412,2549408,1.11
Maryland,3/7/2020,2675,2/29/2020,28068,2549408,1.1
Maryland,3/14/2020,3864,3/7/2020,27046,2549408,1.06
Maryland,3/21/2020,42981,3/14/2020,26467,2549408,1.04
Maryland,3/28/2020,85317,3/21/2020,47973,2549408,1.88
Maryland,4/4/2020,109496,3/28/2020,92112,2549408,3.61
Maryland,4/11/2020,62904,4/4/2020,160906,2555073,6.3
Maryland,4/18/2020,48495,4/11/2020,201432,2555073,7.88
Maryland,4/25/2020,37935,4/18/2020,224260,2555073,8.78
Maryland,5/2/2020,63253,4/25/2020,226972,2555073,8.88
Maryland,5/9/2020,45485,5/2/2020,254473,2555073,9.96
Maryland,5/16/2020,35111,5/9/2020,253212,2555073,9.91
Massachusetts,1/4/2020,9464,12/28/2019,76528,3546144,2.16
Massachusetts,1/11/2020,8784,1/4/2020,79521,3557761,2.24
Massachusetts,1/18/2020,6940,1/11/2020,75076,3557761,2.11
Massachusetts,1/25/2020,6022,1/18/2020,75529,3557761,2.12
Massachusetts,2/1/2020,5523,1/25/2020,76927,3557761,2.16
Massachusetts,2/8/2020,5878,2/1/2020,76492,3557761,2.15
Massachusetts,2/15/2020,5393,2/8/2020,76912,3557761,2.16
Massachusetts,2/22/2020,9264,2/15/2020,77091,3557761,2.17
Massachusetts,2/29/2020,4865,2/22/2020,83220,3557761,2.34
Massachusetts,3/7/2020,4712,2/29/2020,75552,3557761,2.12
Massachusetts,3/14/2020,7449,3/7/2020,74336,3557761,2.09
Massachusetts,3/21/2020,148452,3/14/2020,83127,3557761,2.34
Massachusetts,3/28/2020,181423,3/21/2020,183105,3557761,5.15
Massachusetts,4/4/2020,139647,3/28/2020,310211,3557761,8.72
Massachusetts,4/11/2020,103813,4/4/2020,361600,3568892,10.13
Massachusetts,4/18/2020,80969,4/11/2020,467552,3568892,13.1
Massachusetts,4/25/2020,71358,4/18/2020,532508,3568892,14.92
Massachusetts,5/2/2020,55884,4/25/2020,569956,3568892,15.97
Massachusetts,5/9/2020,44915,5/2/2020,575569,3568892,16.13
Massachusetts,5/16/2020,38684,5/9/2020,589545,3568892,16.52
Michigan,1/4/2020,13207,12/28/2019,72103,4298761,1.68
Michigan,1/11/2020,14245,1/4/2020,89760,4302198,2.09
Michigan,1/18/2020,10304,1/11/2020,84136,4302198,1.96
Michigan,1/25/2020,7678,1/18/2020,91306,4302198,2.12
Michigan,2/1/2020,6869,1/25/2020,82775,4302198,1.92
Michigan,2/8/2020,6627,2/1/2020,79833,4302198,1.86
Michigan,2/15/2020,5587,2/8/2020,79149,4302198,1.84
Michigan,2/22/2020,5942,2/15/2020,78029,4302198,1.81
Michigan,2/29/2020,5419,2/22/2020,78570,4302198,1.83
Michigan,3/7/2020,5150,2/29/2020,77661,4302198,1.81
Michigan,3/14/2020,5338,3/7/2020,75757,4302198,1.76
Michigan,3/21/2020,128006,3/14/2020,75075,4302198,1.75
Michigan,3/28/2020,304335,3/21/2020,88183,4302198,2.05
Michigan,4/4/2020,388554,3/28/2020,366426,4302198,8.52
Michigan,4/11/2020,222207,4/4/2020,749011,4305711,17.4
Michigan,4/18/2020,136707,4/11/2020,937520,4305711,21.77
Michigan,4/25/2020,82004,4/18/2020,934599,4305711,21.71
Michigan,5/2/2020,67399,4/25/2020,996374,4305711,23.14
Michigan,5/9/2020,55166,5/2/2020,973278,4305711,22.6
Michigan,5/16/2020,56715,5/9/2020,994188,4305711,23.09
Minnesota,1/4/2020,7293,12/28/2019,68226,2853412,2.39
Minnesota,1/11/2020,5933,1/4/2020,66377,2859937,2.32
Minnesota,1/18/2020,4463,1/11/2020,62628,2859937,2.19
Minnesota,1/25/2020,3931,1/18/2020,61704,2859937,2.16
Minnesota,2/1/2020,3700,1/25/2020,62189,2859937,2.17
Minnesota,2/8/2020,4108,2/1/2020,64105,2859937,2.24
Minnesota,2/15/2020,3641,2/8/2020,63956,2859937,2.24
Minnesota,2/22/2020,3539,2/15/2020,62200,2859937,2.17
Minnesota,2/29/2020,3410,2/22/2020,61696,2859937,2.16
Minnesota,3/7/2020,3488,2/29/2020,62767,2859937,2.19
Minnesota,3/14/2020,4010,3/7/2020,61781,2859937,2.16
Minnesota,3/21/2020,115773,3/14/2020,66787,2859937,2.34
Minnesota,3/28/2020,109095,3/21/2020,160873,2859937,5.63
Minnesota,4/4/2020,110260,3/28/2020,248023,2859937,8.67
Minnesota,4/11/2020,93133,4/4/2020,341578,2864234,11.93
Minnesota,4/18/2020,74829,4/11/2020,391284,2864234,13.66
Minnesota,4/25/2020,48595,4/18/2020,416993,2864234,14.56
Minnesota,5/2/2020,41492,4/25/2020,420212,2864234,14.67
Minnesota,5/9/2020,37669,5/2/2020,429187,2864234,14.98
Minnesota,5/16/2020,28893,5/9/2020,427690,2864234,14.93
Mississippi,1/4/2020,1178,12/28/2019,9681,1107596,0.87
Mississippi,1/11/2020,1515,1/4/2020,9536,1108618,0.86
Mississippi,1/18/2020,1135,1/11/2020,8804,1108618,0.79
Mississippi,1/25/2020,993,1/18/2020,8562,1108618,0.77
Mississippi,2/1/2020,963,1/25/2020,8674,1108618,0.78
Mississippi,2/8/2020,968,2/1/2020,8261,1108618,0.75
Mississippi,2/15/2020,861,2/8/2020,8216,1108618,0.74
Mississippi,2/22/2020,827,2/15/2020,7922,1108618,0.71
Mississippi,2/29/2020,744,2/22/2020,7842,1108618,0.71
Mississippi,3/7/2020,879,2/29/2020,7416,1108618,0.67
Mississippi,3/14/2020,1147,3/7/2020,7098,1108618,0.64
Mississippi,3/21/2020,5519,3/14/2020,6667,1108618,0.6
Mississippi,3/28/2020,32015,3/21/2020,9581,1108618,0.86
Mississippi,4/4/2020,45852,3/28/2020,29373,1108618,2.65
Mississippi,4/11/2020,45748,4/4/2020,60737,1109819,5.47
Mississippi,4/18/2020,36913,4/11/2020,93005,1109819,8.38
Mississippi,4/25/2020,29906,4/18/2020,135722,1109819,12.23
Mississippi,5/2/2020,25745,4/25/2020,162078,1109819,14.6
Mississippi,5/9/2020,23618,5/2/2020,208270,1109819,18.77
Mississippi,5/16/2020,24242,5/9/2020,189886,1109819,17.11
Missouri,1/4/2020,7474,12/28/2019,29785,2745404,1.08
Missouri,1/11/2020,10913,1/4/2020,30140,2749100,1.1
Missouri,1/18/2020,4938,1/11/2020,29945,2749100,1.09
Missouri,1/25/2020,5474,1/18/2020,29170,2749100,1.06
Missouri,2/1/2020,4801,1/25/2020,29854,2749100,1.09
Missouri,2/8/2020,3670,2/1/2020,27906,2749100,1.02
Missouri,2/15/2020,3363,2/8/2020,27362,2749100,1
Missouri,2/22/2020,3063,2/15/2020,27035,2749100,0.98
Missouri,2/29/2020,2732,2/22/2020,26949,2749100,0.98
Missouri,3/7/2020,2994,2/29/2020,25225,2749100,0.92
Missouri,3/14/2020,4016,3/7/2020,22381,2749100,0.81
Missouri,3/21/2020,42246,3/14/2020,21538,2749100,0.78
Missouri,3/28/2020,104291,3/21/2020,49470,2749100,1.8
Missouri,4/4/2020,91458,3/28/2020,121467,2749100,4.42
Missouri,4/11/2020,102126,4/4/2020,178710,2794254,6.4
Missouri,4/18/2020,59602,4/11/2020,227557,2794254,8.14
Missouri,4/25/2020,55299,4/18/2020,255798,2794254,9.15
Missouri,5/2/2020,52527,4/25/2020,246663,2794254,8.83
Missouri,5/9/2020,31145,5/2/2020,266230,2794254,9.53
Missouri,5/16/2020,28244,5/9/2020,261840,2794254,9.37
Montana,1/4/2020,1555,12/28/2019,11056,453040,2.44
Montana,1/11/2020,1755,1/4/2020,11756,454298,2.59
Montana,1/18/2020,1236,1/11/2020,11254,454298,2.48
Montana,1/25/2020,922,1/18/2020,11830,454298,2.6
Montana,2/1/2020,902,1/25/2020,11527,454298,2.54
Montana,2/8/2020,935,2/1/2020,11489,454298,2.53
Montana,2/15/2020,921,2/8/2020,11479,454298,2.53
Montana,2/22/2020,795,2/15/2020,11308,454298,2.49
Montana,2/29/2020,695,2/22/2020,11296,454298,2.49
Montana,3/7/2020,714,2/29/2020,10782,454298,2.37
Montana,3/14/2020,817,3/7/2020,10112,454298,2.23
Montana,3/21/2020,15349,3/14/2020,9818,454298,2.16
Montana,3/28/2020,20763,3/21/2020,19099,454298,4.2
Montana,4/4/2020,21244,3/28/2020,36819,454298,8.1
Montana,4/11/2020,14275,4/4/2020,53482,455906,11.73
Montana,4/18/2020,11176,4/11/2020,65073,455906,14.27
Montana,4/25/2020,7052,4/18/2020,67473,455906,14.8
Montana,5/2/2020,4596,4/25/2020,63134,455906,13.85
Montana,5/9/2020,3762,5/2/2020,58905,455906,12.92
Montana,5/16/2020,3660,5/9/2020,53786,455906,11.8
North Carolina,1/4/2020,3508,12/28/2019,20848,4362309,0.48
North Carolina,1/11/2020,4628,1/4/2020,21239,4381417,0.48
North Carolina,1/18/2020,4217,1/11/2020,22247,4381417,0.51
North Carolina,1/25/2020,3344,1/18/2020,22415,4381417,0.51
North Carolina,2/1/2020,3611,1/25/2020,22342,4381417,0.51
North Carolina,2/8/2020,3326,2/1/2020,22044,4381417,0.5
North Carolina,2/15/2020,3094,2/8/2020,21972,4381417,0.5
North Carolina,2/22/2020,2852,2/15/2020,21630,4381417,0.49
North Carolina,2/29/2020,1767,2/22/2020,21188,4381417,0.48
North Carolina,3/7/2020,2575,2/29/2020,20196,4381417,0.46
North Carolina,3/14/2020,3533,3/7/2020,19683,4381417,0.45
North Carolina,3/21/2020,94083,3/14/2020,20652,4381417,0.47
North Carolina,3/28/2020,172145,3/21/2020,75220,4381417,1.72
North Carolina,4/4/2020,137422,3/28/2020,245692,4381417,5.61
North Carolina,4/11/2020,140155,4/4/2020,362989,4402750,8.24
North Carolina,4/18/2020,106266,4/11/2020,468283,4402750,10.64
North Carolina,4/25/2020,98941,4/18/2020,555039,4402750,12.61
North Carolina,5/2/2020,85956,4/25/2020,591045,4402750,13.42
North Carolina,5/9/2020,57354,5/2/2020,619809,4402750,14.08
North Carolina,5/16/2020,46913,5/9/2020,605709,4402750,13.76
North Dakota,1/4/2020,836,12/28/2019,5785,409901,1.41
North Dakota,1/11/2020,1530,1/4/2020,6171,411624,1.5
North Dakota,1/18/2020,785,1/11/2020,6809,411624,1.65
North Dakota,1/25/2020,543,1/18/2020,7179,411624,1.74
North Dakota,2/1/2020,447,1/25/2020,6782,411624,1.65
North Dakota,2/8/2020,526,2/1/2020,6838,411624,1.66
North Dakota,2/15/2020,457,2/8/2020,6924,411624,1.68
North Dakota,2/22/2020,435,2/15/2020,6886,411624,1.67
North Dakota,2/29/2020,363,2/22/2020,6795,411624,1.65
North Dakota,3/7/2020,423,2/29/2020,6543,411624,1.59
North Dakota,3/14/2020,415,3/7/2020,6349,411624,1.54
North Dakota,3/21/2020,5662,3/14/2020,6169,411624,1.5
North Dakota,3/28/2020,11818,3/21/2020,8534,411624,2.07
North Dakota,4/4/2020,15125,3/28/2020,16036,411624,3.9
North Dakota,4/11/2020,9502,4/4/2020,24554,412797,5.95
North Dakota,4/18/2020,8065,4/11/2020,33563,412797,8.13
North Dakota,4/25/2020,6274,4/18/2020,35513,412797,8.6
North Dakota,5/2/2020,4044,4/25/2020,35827,412797,8.68
North Dakota,5/9/2020,2753,5/2/2020,35921,412797,8.7
North Dakota,5/16/2020,2619,5/9/2020,32399,412797,7.85
Nebraska,1/4/2020,1099,12/28/2019,5165,963465,0.54
Nebraska,1/11/2020,1171,1/4/2020,5694,962725,0.59
Nebraska,1/18/2020,988,1/11/2020,4940,962725,0.51
Nebraska,1/25/2020,960,1/18/2020,5107,962725,0.53
Nebraska,2/1/2020,833,1/25/2020,5884,962725,0.61
Nebraska,2/8/2020,675,2/1/2020,5693,962725,0.59
Nebraska,2/15/2020,537,2/8/2020,5804,962725,0.6
Nebraska,2/22/2020,493,2/15/2020,5780,962725,0.6
Nebraska,2/29/2020,502,2/22/2020,6286,962725,0.65
Nebraska,3/7/2020,501,2/29/2020,5581,962725,0.58
Nebraska,3/14/2020,795,3/7/2020,5076,962725,0.53
Nebraska,3/21/2020,15700,3/14/2020,4859,962725,0.5
Nebraska,3/28/2020,24725,3/21/2020,16641,962725,1.73
Nebraska,4/4/2020,27054,3/28/2020,38921,962725,4.04
Nebraska,4/11/2020,16279,4/4/2020,60416,965476,6.26
Nebraska,4/18/2020,12222,4/11/2020,72078,965476,7.47
Nebraska,4/25/2020,8229,4/18/2020,76628,965476,7.94
Nebraska,5/2/2020,6418,4/25/2020,68882,965476,7.13
Nebraska,5/9/2020,6362,5/2/2020,68089,965476,7.05
Nebraska,5/16/2020,5839,5/9/2020,62962,963512,6.53
New Hampshire,1/4/2020,690,12/28/2019,4468,652934,0.68
New Hampshire,1/11/2020,722,1/4/2020,4575,654468,0.7
New Hampshire,1/18/2020,613,1/11/2020,4215,654468,0.64
New Hampshire,1/25/2020,577,1/18/2020,4202,654468,0.64
New Hampshire,2/1/2020,456,1/25/2020,4033,654468,0.62
New Hampshire,2/8/2020,507,2/1/2020,4050,654468,0.62
New Hampshire,2/15/2020,424,2/8/2020,4015,654468,0.61
New Hampshire,2/22/2020,444,2/15/2020,3936,654468,0.6
New Hampshire,2/29/2020,894,2/22/2020,4048,654468,0.62
New Hampshire,3/7/2020,495,2/29/2020,4475,654468,0.68
New Hampshire,3/14/2020,642,3/7/2020,3909,654468,0.6
New Hampshire,3/21/2020,29379,3/14/2020,4024,654468,0.61
New Hampshire,3/28/2020,31378,3/21/2020,27321,654468,4.17
New Hampshire,4/4/2020,39202,3/28/2020,52166,654468,7.97
New Hampshire,4/11/2020,25273,4/4/2020,79979,649845,12.31
New Hampshire,4/18/2020,20414,4/11/2020,93783,649845,14.43
New Hampshire,4/25/2020,15001,4/18/2020,106841,649845,16.44
New Hampshire,5/2/2020,12475,4/25/2020,115580,649845,17.79
New Hampshire,5/9/2020,10016,5/2/2020,116768,649845,17.97
New Hampshire,5/16/2020,8794,5/9/2020,114450,649845,17.61
New Jersey,1/4/2020,15325,12/28/2019,111335,4007202,2.78
New Jersey,1/11/2020,13469,1/4/2020,120461,4015146,3
New Jersey,1/18/2020,10728,1/11/2020,108425,4015146,2.7
New Jersey,1/25/2020,9325,1/18/2020,107082,4015146,2.67
New Jersey,2/1/2020,8304,1/25/2020,110022,4015146,2.74
New Jersey,2/8/2020,9288,2/1/2020,109931,4015146,2.74
New Jersey,2/15/2020,8550,2/8/2020,110016,4015146,2.74
New Jersey,2/22/2020,8396,2/15/2020,109265,4015146,2.72
New Jersey,2/29/2020,7773,2/22/2020,110902,4015146,2.76
New Jersey,3/7/2020,7996,2/29/2020,107646,4015146,2.68
New Jersey,3/14/2020,9467,3/7/2020,104283,4015146,2.6
New Jersey,3/21/2020,115815,3/14/2020,105840,4015146,2.64
New Jersey,3/28/2020,206253,3/21/2020,156181,4015146,3.89
New Jersey,4/4/2020,214836,3/28/2020,276119,4015146,6.88
New Jersey,4/11/2020,141420,4/4/2020,429388,4025826,10.67
New Jersey,4/18/2020,140139,4/11/2020,556005,4025826,13.81
New Jersey,4/25/2020,71966,4/18/2020,621753,4025826,15.44
New Jersey,5/2/2020,88326,4/25/2020,642651,4025826,15.96
New Jersey,5/9/2020,69689,5/2/2020,715433,4025826,17.77
New Jersey,5/16/2020,42365,5/9/2020,601770,4025826,14.95
New Mexico,1/4/2020,799,12/28/2019,10140,796105,1.27
New Mexico,1/11/2020,1194,1/4/2020,10310,799085,1.29
New Mexico,1/18/2020,947,1/11/2020,9920,799085,1.24
New Mexico,1/25/2020,764,1/18/2020,10137,799085,1.27
New Mexico,2/1/2020,784,1/25/2020,10066,799085,1.26
New Mexico,2/8/2020,873,2/1/2020,9965,799085,1.25
New Mexico,2/15/2020,725,2/8/2020,9987,799085,1.25
New Mexico,2/22/2020,737,2/15/2020,10051,799085,1.26
New Mexico,2/29/2020,681,2/22/2020,10039,799085,1.26
New Mexico,3/7/2020,690,2/29/2020,9845,799085,1.23
New Mexico,3/14/2020,869,3/7/2020,9566,799085,1.2
New Mexico,3/21/2020,18105,3/14/2020,9288,799085,1.16
New Mexico,3/28/2020,27849,3/21/2020,20087,799085,2.51
New Mexico,4/4/2020,26132,3/28/2020,44829,799085,5.61
New Mexico,4/11/2020,19043,4/4/2020,62686,802978,7.81
New Mexico,4/18/2020,13621,4/11/2020,80986,802978,10.09
New Mexico,4/25/2020,12093,4/18/2020,94149,802978,11.72
New Mexico,5/2/2020,13675,4/25/2020,96157,802978,11.98
New Mexico,5/9/2020,8024,5/2/2020,101132,802978,12.59
New Mexico,5/16/2020,7356,5/9/2020,103949,802978,12.95
Nevada,1/4/2020,2264,12/28/2019,20801,1362256,1.53
Nevada,1/11/2020,2792,1/4/2020,19823,1371969,1.44
Nevada,1/18/2020,2451,1/11/2020,19328,1371969,1.41
Nevada,1/25/2020,2101,1/18/2020,19025,1371969,1.39
Nevada,2/1/2020,2286,1/25/2020,19177,1371969,1.4
Nevada,2/8/2020,2794,2/1/2020,19225,1371969,1.4
Nevada,2/15/2020,2543,2/8/2020,19585,1371969,1.43
Nevada,2/22/2020,2052,2/15/2020,19472,1371969,1.42
Nevada,2/29/2020,2324,2/22/2020,20044,1371969,1.46
Nevada,3/7/2020,2309,2/29/2020,19850,1371969,1.45
Nevada,3/14/2020,6356,3/7/2020,19475,1371969,1.42
Nevada,3/21/2020,92298,3/14/2020,19822,1371969,1.44
Nevada,3/28/2020,71942,3/21/2020,58798,1371969,4.29
Nevada,4/4/2020,79285,3/28/2020,131121,1371969,9.56
Nevada,4/11/2020,58641,4/4/2020,189007,1379654,13.7
Nevada,4/18/2020,39496,4/11/2020,231618,1379654,16.79
Nevada,4/25/2020,42541,4/18/2020,274850,1379654,19.92
Nevada,5/2/2020,28550,4/25/2020,303573,1379654,22
Nevada,5/9/2020,21635,5/2/2020,324444,1379654,23.52
Nevada,5/16/2020,17837,5/9/2020,369041,1379654,26.75
New York,1/4/2020,44846,12/28/2019,181668,9351620,1.94
New York,1/11/2020,23314,1/4/2020,184283,9380736,1.96
New York,1/18/2020,17823,1/11/2020,164588,9380736,1.75
New York,1/25/2020,15022,1/18/2020,164044,9380736,1.75
New York,2/1/2020,16545,1/25/2020,165715,9380736,1.77
New York,2/8/2020,15010,2/1/2020,163393,9380736,1.74
New York,2/15/2020,14333,2/8/2020,164111,9380736,1.75
New York,2/22/2020,14144,2/15/2020,163220,9380736,1.74
New York,2/29/2020,31208,2/22/2020,182691,9380736,1.95
New York,3/7/2020,14035,2/29/2020,161892,9380736,1.73
New York,3/14/2020,14272,3/7/2020,158268,9380736,1.69
New York,3/21/2020,79999,3/14/2020,167214,9380736,1.78
New York,3/28/2020,366595,3/21/2020,314710,9380736,3.35
New York,4/4/2020,344451,3/28/2020,712544,9380736,7.6
New York,4/11/2020,394701,4/4/2020,1121191,9408510,11.92
New York,4/18/2020,205184,4/11/2020,1354496,9408510,14.4
New York,4/25/2020,219413,4/18/2020,1616809,9408510,17.18
New York,5/2/2020,195110,4/25/2020,1749571,9408510,18.6
New York,5/9/2020,199419,5/2/2020,1846154,9408510,19.62
New York,5/16/2020,223962,5/9/2020,1873935,9408510,19.92
Ohio,1/4/2020,10759,12/28/2019,73287,5327431,1.38
Ohio,1/11/2020,9957,1/4/2020,78391,5338723,1.47
Ohio,1/18/2020,7865,1/11/2020,72855,5338723,1.36
Ohio,1/25/2020,8086,1/18/2020,72002,5338723,1.35
Ohio,2/1/2020,7329,1/25/2020,72622,5338723,1.36
Ohio,2/8/2020,6825,2/1/2020,71442,5338723,1.34
Ohio,2/15/2020,6532,2/8/2020,71214,5338723,1.33
Ohio,2/22/2020,6208,2/15/2020,70924,5338723,1.33
Ohio,2/29/2020,9916,2/22/2020,70655,5338723,1.32
Ohio,3/7/2020,6545,2/29/2020,73123,5338723,1.37
Ohio,3/14/2020,7046,3/7/2020,68516,5338723,1.28
Ohio,3/21/2020,196309,3/14/2020,68323,5338723,1.28
Ohio,3/28/2020,274288,3/21/2020,214273,5338723,4.01
Ohio,4/4/2020,226191,3/28/2020,450061,5338723,8.43
Ohio,4/11/2020,159317,4/4/2020,622669,5346565,11.65
Ohio,4/18/2020,109830,4/11/2020,717842,5346565,13.43
Ohio,4/25/2020,93599,4/18/2020,777214,5346565,14.54
Ohio,5/2/2020,61487,4/25/2020,759435,5346565,14.2
Ohio,5/9/2020,52255,5/2/2020,745886,5346565,13.95
Ohio,5/16/2020,46862,5/9/2020,704784,5346565,13.18
Oklahoma,1/4/2020,2943,12/28/2019,18080,1560077,1.16
Oklahoma,1/11/2020,2034,1/4/2020,19387,1565634,1.24
Oklahoma,1/18/2020,1981,1/11/2020,17467,1565634,1.12
Oklahoma,1/25/2020,1830,1/18/2020,17291,1565634,1.1
Oklahoma,2/1/2020,1779,1/25/2020,17451,1565634,1.11
Oklahoma,2/8/2020,1715,2/1/2020,17757,1565634,1.13
Oklahoma,2/15/2020,1633,2/8/2020,17513,1565634,1.12
Oklahoma,2/22/2020,1509,2/15/2020,17269,1565634,1.1
Oklahoma,2/29/2020,1458,2/22/2020,16929,1565634,1.08
Oklahoma,3/7/2020,1569,2/29/2020,17067,1565634,1.09
Oklahoma,3/14/2020,1836,3/7/2020,16482,1565634,1.05
Oklahoma,3/21/2020,21926,3/14/2020,16854,1565634,1.08
Oklahoma,3/28/2020,47744,3/21/2020,25268,1565634,1.61
Oklahoma,4/4/2020,60534,3/28/2020,55029,1565634,3.51
Oklahoma,4/11/2020,54481,4/4/2020,88330,1568967,5.63
Oklahoma,4/18/2020,46696,4/11/2020,112311,1568967,7.16
Oklahoma,4/25/2020,52500,4/18/2020,134550,1568967,8.58
Oklahoma,5/2/2020,93885,4/25/2020,154671,1568967,9.86
Oklahoma,5/9/2020,39079,5/2/2020,178122,1568967,11.35
Oklahoma,5/16/2020,33440,5/9/2020,135229,1568967,8.62
Oregon,1/4/2020,6714,12/28/2019,35451,1898680,1.87
Oregon,1/11/2020,6215,1/4/2020,36039,1906429,1.89
Oregon,1/18/2020,4051,1/11/2020,31604,1906429,1.66
Oregon,1/25/2020,4457,1/18/2020,32306,1906429,1.69
Oregon,2/1/2020,4853,1/25/2020,31876,1906429,1.67
Oregon,2/8/2020,4953,2/1/2020,31658,1906429,1.66
Oregon,2/15/2020,4284,2/8/2020,31167,1906429,1.63
Oregon,2/22/2020,3514,2/15/2020,30548,1906429,1.6
Oregon,2/29/2020,3936,2/22/2020,30165,1906429,1.58
Oregon,3/7/2020,4154,2/29/2020,29517,1906429,1.55
Oregon,3/14/2020,4269,3/7/2020,29002,1906429,1.52
Oregon,3/21/2020,30054,3/14/2020,30523,1906429,1.6
Oregon,3/28/2020,47498,3/21/2020,63930,1906429,3.35
Oregon,4/4/2020,62788,3/28/2020,118729,1906429,6.23
Oregon,4/11/2020,54581,4/4/2020,176154,1914153,9.2
Oregon,4/18/2020,37209,4/11/2020,217039,1914153,11.34
Oregon,4/25/2020,49300,4/18/2020,284486,1914153,14.86
Oregon,5/2/2020,48120,4/25/2020,308989,1914153,16.14
Oregon,5/9/2020,33936,5/2/2020,309543,1914153,16.17
Oregon,5/16/2020,23539,5/9/2020,290151,1914153,15.16
Pennsylvania,1/4/2020,27298,12/28/2019,135411,5787653,2.34
Pennsylvania,1/11/2020,26356,1/4/2020,163882,5800562,2.83
Pennsylvania,1/18/2020,16218,1/11/2020,142326,5800562,2.45
Pennsylvania,1/25/2020,13359,1/18/2020,140027,5800562,2.41
Pennsylvania,2/1/2020,15893,1/25/2020,135951,5800562,2.34
Pennsylvania,2/8/2020,14425,2/1/2020,142004,5800562,2.45
Pennsylvania,2/15/2020,13583,2/8/2020,136149,5800562,2.35
Pennsylvania,2/22/2020,12631,2/15/2020,142306,5800562,2.45
Pennsylvania,2/29/2020,12045,2/22/2020,135095,5800562,2.33
Pennsylvania,3/7/2020,12227,2/29/2020,136931,5800562,2.36
Pennsylvania,3/14/2020,15439,3/7/2020,128842,5800562,2.22
Pennsylvania,3/21/2020,377451,3/14/2020,128029,5800562,2.21
Pennsylvania,3/28/2020,404677,3/21/2020,135708,5800562,2.34
Pennsylvania,4/4/2020,277640,3/28/2020,566464,5800562,9.77
Pennsylvania,4/11/2020,234868,4/4/2020,614196,5814461,10.56
Pennsylvania,4/18/2020,194594,4/11/2020,1074660,5814461,18.48
Pennsylvania,4/25/2020,127896,4/18/2020,915249,5814461,15.74
Pennsylvania,5/2/2020,94445,4/25/2020,1233299,5814461,21.21
Pennsylvania,5/9/2020,73688,5/2/2020,1049464,5814461,18.05
Pennsylvania,5/16/2020,62516,5/9/2020,1008886,5814461,17.35
Puerto Rico,1/4/2020,853,12/28/2019,17194,848044,2.03
Puerto Rico,1/11/2020,836,1/4/2020,15746,852292,1.85
Puerto Rico,1/18/2020,3124,1/11/2020,22291,852292,2.62
Puerto Rico,1/25/2020,2335,1/18/2020,22725,852292,2.67
Puerto Rico,2/1/2020,1998,1/25/2020,23857,852292,2.8
Puerto Rico,2/8/2020,1770,2/1/2020,23157,852292,2.72
Puerto Rico,2/15/2020,1588,2/8/2020,21114,852292,2.48
Puerto Rico,2/22/2020,1390,2/15/2020,20765,852292,2.44
Puerto Rico,2/29/2020,1296,2/22/2020,19480,852292,2.29
Puerto Rico,3/7/2020,1343,2/29/2020,18657,852292,2.19
Puerto Rico,3/14/2020,1172,3/7/2020,18704,852292,2.19
Puerto Rico,3/21/2020,20148,3/14/2020,15239,852292,1.79
Puerto Rico,3/28/2020,45394,3/21/2020,19230,852292,2.26
Puerto Rico,4/4/2020,66555,3/28/2020,49669,852292,5.83
Puerto Rico,4/11/2020,42074,4/4/2020,86474,856124,10.1
Puerto Rico,4/18/2020,26481,4/11/2020,109672,856124,12.81
Puerto Rico,4/25/2020,17286,4/18/2020,153421,856124,17.92
Puerto Rico,5/2/2020,21886,4/25/2020,145140,856124,16.95
Puerto Rico,5/9/2020,15067,5/2/2020,164034,856124,19.16
Puerto Rico,5/16/2020,10923,5/9/2020,152823,856124,17.85
Rhode Island,1/4/2020,1972,12/28/2019,12109,471911,2.57
Rhode Island,1/11/2020,1817,1/4/2020,12299,472874,2.6
Rhode Island,1/18/2020,1194,1/11/2020,10987,472874,2.32
Rhode Island,1/25/2020,1048,1/18/2020,10750,472874,2.27
Rhode Island,2/1/2020,971,1/25/2020,11042,472874,2.34
Rhode Island,2/8/2020,959,2/1/2020,11051,472874,2.34
Rhode Island,2/15/2020,996,2/8/2020,11164,472874,2.36
Rhode Island,2/22/2020,1921,2/15/2020,11199,472874,2.37
Rhode Island,2/29/2020,874,2/22/2020,12384,472874,2.62
Rhode Island,3/7/2020,700,2/29/2020,11130,472874,2.35
Rhode Island,3/14/2020,1108,3/7/2020,10692,472874,2.26
Rhode Island,3/21/2020,35847,3/14/2020,10857,472874,2.3
Rhode Island,3/28/2020,27800,3/21/2020,31847,472874,6.73
Rhode Island,4/4/2020,28243,3/28/2020,56038,472874,11.85
Rhode Island,4/11/2020,22509,4/4/2020,70935,473597,14.98
Rhode Island,4/18/2020,18078,4/11/2020,79140,473597,16.71
Rhode Island,4/25/2020,13084,4/18/2020,96663,473597,20.41
Rhode Island,5/2/2020,9088,4/25/2020,97573,473597,20.6
Rhode Island,5/9/2020,6245,5/2/2020,94083,473597,19.87
Rhode Island,5/16/2020,3883,5/9/2020,89247,473597,18.84
South Carolina,1/4/2020,7471,12/28/2019,18922,2070232,0.91
South Carolina,1/11/2020,4629,1/4/2020,21587,2077535,1.04
South Carolina,1/18/2020,3126,1/11/2020,18780,2077535,0.9
South Carolina,1/25/2020,2248,1/18/2020,17113,2077535,0.82
South Carolina,2/1/2020,2099,1/25/2020,17061,2077535,0.82
South Carolina,2/8/2020,2054,2/1/2020,16669,2077535,0.8
South Carolina,2/15/2020,2088,2/8/2020,16547,2077535,0.8
South Carolina,2/22/2020,1824,2/15/2020,16239,2077535,0.78
South Carolina,2/29/2020,1977,2/22/2020,15779,2077535,0.76
South Carolina,3/7/2020,1889,2/29/2020,15341,2077535,0.74
South Carolina,3/14/2020,2093,3/7/2020,15032,2077535,0.72
South Carolina,3/21/2020,31826,3/14/2020,15111,2077535,0.73
South Carolina,3/28/2020,66475,3/21/2020,30341,2077535,1.46
South Carolina,4/4/2020,86573,3/28/2020,75521,2077535,3.64
South Carolina,4/11/2020,89147,4/4/2020,126994,2087060,6.08
South Carolina,4/18/2020,74362,4/11/2020,179769,2087060,8.61
South Carolina,4/25/2020,66438,4/18/2020,240956,2087060,11.55
South Carolina,5/2/2020,47673,4/25/2020,260409,2087060,12.48
South Carolina,5/9/2020,33191,5/2/2020,268701,2087060,12.87
South Carolina,5/16/2020,29899,5/9/2020,256676,2087060,12.3
South Dakota,1/4/2020,398,12/28/2019,2798,416296,0.67
South Dakota,1/11/2020,468,1/4/2020,2970,417030,0.71
South Dakota,1/18/2020,338,1/11/2020,2995,417030,0.72
South Dakota,1/25/2020,291,1/18/2020,3071,417030,0.74
South Dakota,2/1/2020,217,1/25/2020,3155,417030,0.76
South Dakota,2/8/2020,223,2/1/2020,3117,417030,0.75
South Dakota,2/15/2020,194,2/8/2020,3196,417030,0.77
South Dakota,2/22/2020,191,2/15/2020,3164,417030,0.76
South Dakota,2/29/2020,159,2/22/2020,3116,417030,0.75
South Dakota,3/7/2020,185,2/29/2020,3059,417030,0.73
South Dakota,3/14/2020,190,3/7/2020,2870,417030,0.69
South Dakota,3/21/2020,1761,3/14/2020,2674,417030,0.64
South Dakota,3/28/2020,6801,3/21/2020,3538,417030,0.85
South Dakota,4/4/2020,8138,3/28/2020,7568,417030,1.81
South Dakota,4/11/2020,6359,4/4/2020,14431,417997,3.45
South Dakota,4/18/2020,5295,4/11/2020,19664,417997,4.7
South Dakota,4/25/2020,5535,4/18/2020,22707,417997,5.43
South Dakota,5/2/2020,3929,4/25/2020,23791,417997,5.69
South Dakota,5/9/2020,5269,5/2/2020,23388,417997,5.6
South Dakota,5/16/2020,3891,5/9/2020,25186,417997,6.03
Tennessee,1/4/2020,3084,12/28/2019,22163,3250062,0.68
Tennessee,1/11/2020,3711,1/4/2020,22398,3263988,0.69
Tennessee,1/18/2020,3093,1/11/2020,20441,3263988,0.63
Tennessee,1/25/2020,2484,1/18/2020,20786,3263988,0.64
Tennessee,2/1/2020,2362,1/25/2020,21364,3263988,0.65
Tennessee,2/8/2020,2161,2/1/2020,20670,3263988,0.63
Tennessee,2/15/2020,2140,2/8/2020,20485,3263988,0.63
Tennessee,2/22/2020,1855,2/15/2020,20139,3263988,0.62
Tennessee,2/29/2020,2014,2/22/2020,20413,3263988,0.63
Tennessee,3/7/2020,2032,2/29/2020,19035,3263988,0.58
Tennessee,3/14/2020,2702,3/7/2020,18450,3263988,0.57
Tennessee,3/21/2020,38077,3/14/2020,18350,3263988,0.56
Tennessee,3/28/2020,92500,3/21/2020,37541,3263988,1.15
Tennessee,4/4/2020,112186,3/28/2020,116179,3263988,3.56
Tennessee,4/11/2020,71887,4/4/2020,206472,3278927,6.3
Tennessee,4/18/2020,67226,4/11/2020,279895,3278927,8.54
Tennessee,4/25/2020,42805,4/18/2020,341033,3278927,10.4
Tennessee,5/2/2020,36323,4/25/2020,340249,3278927,10.38
Tennessee,5/9/2020,28377,5/2/2020,343212,3278927,10.47
Tennessee,5/16/2020,27990,5/9/2020,332745,3278927,10.15
Texas,1/4/2020,12367,12/28/2019,141473,12168097,1.16
Texas,1/11/2020,21902,1/4/2020,140768,12236594,1.15
Texas,1/18/2020,15783,1/11/2020,145126,12236594,1.19
Texas,1/25/2020,13070,1/18/2020,132656,12236594,1.08
Texas,2/1/2020,13818,1/25/2020,140826,12236594,1.15
Texas,2/8/2020,13869,2/1/2020,128666,12236594,1.05
Texas,2/15/2020,12790,2/8/2020,133475,12236594,1.09
Texas,2/22/2020,12047,2/15/2020,127275,12236594,1.04
Texas,2/29/2020,12692,2/22/2020,133247,12236594,1.09
Texas,3/7/2020,14355,2/29/2020,125252,12236594,1.02
Texas,3/14/2020,16176,3/7/2020,127905,12236594,1.05
Texas,3/21/2020,155426,3/14/2020,126427,12236594,1.03
Texas,3/28/2020,276185,3/21/2020,144697,12236594,1.18
Texas,4/4/2020,315167,3/28/2020,374656,12236594,3.06
Texas,4/11/2020,274257,4/4/2020,632470,12304547,5.14
Texas,4/18/2020,280761,4/11/2020,911923,12304547,7.41
Texas,4/25/2020,254084,4/18/2020,962122,12304547,7.82
Texas,5/2/2020,243935,4/25/2020,1133324,12304547,9.21
Texas,5/9/2020,141553,5/2/2020,1181609,12304547,9.6
Texas,5/16/2020,134065,5/9/2020,1300576,12304547,10.57
Utah,1/4/2020,1518,12/28/2019,11328,1454279,0.78
Utah,1/11/2020,1834,1/4/2020,11787,1459679,0.81
Utah,1/18/2020,1458,1/11/2020,12061,1459679,0.83
Utah,1/25/2020,1271,1/18/2020,12061,1459679,0.83
Utah,2/1/2020,1290,1/25/2020,11872,1459679,0.81
Utah,2/8/2020,1303,2/1/2020,12187,1459679,0.83
Utah,2/15/2020,1097,2/8/2020,12131,1459679,0.83
Utah,2/22/2020,1008,2/15/2020,11960,1459679,0.82
Utah,2/29/2020,885,2/22/2020,11451,1459679,0.78
Utah,3/7/2020,1015,2/29/2020,11077,1459679,0.76
Utah,3/14/2020,1305,3/7/2020,10701,1459679,0.73
Utah,3/21/2020,19690,3/14/2020,10826,1459679,0.74
Utah,3/28/2020,28532,3/21/2020,24635,1459679,1.69
Utah,4/4/2020,33040,3/28/2020,45161,1459679,3.09
Utah,4/11/2020,24515,4/4/2020,72798,1474336,4.94
Utah,4/18/2020,19649,4/11/2020,88281,1474336,5.99
Utah,4/25/2020,11738,4/18/2020,89495,1474336,6.07
Utah,5/2/2020,8992,4/25/2020,92872,1474336,6.3
Utah,5/9/2020,7076,5/2/2020,91591,1474336,6.21
Utah,5/16/2020,6228,5/9/2020,86298,1474336,5.85
Vermont,1/4/2020,680,12/28/2019,5417,303175,1.79
Vermont,1/11/2020,649,1/4/2020,5609,303508,1.85
Vermont,1/18/2020,755,1/11/2020,4961,303508,1.63
Vermont,1/25/2020,518,1/18/2020,4986,303508,1.64
Vermont,2/1/2020,481,1/25/2020,5006,303508,1.65
Vermont,2/8/2020,475,2/1/2020,4824,303508,1.59
Vermont,2/15/2020,543,2/8/2020,4931,303508,1.62
Vermont,2/22/2020,610,2/15/2020,4872,303508,1.61
Vermont,2/29/2020,863,2/22/2020,5039,303508,1.66
Vermont,3/7/2020,446,2/29/2020,5219,303508,1.72
Vermont,3/14/2020,659,3/7/2020,4896,303508,1.61
Vermont,3/21/2020,3784,3/14/2020,4810,303508,1.58
Vermont,3/28/2020,14633,3/21/2020,13797,303508,4.55
Vermont,4/4/2020,16474,3/28/2020,21953,303508,7.23
Vermont,4/11/2020,9662,4/4/2020,31204,303379,10.29
Vermont,4/18/2020,6598,4/11/2020,64313,303379,21.2
Vermont,4/25/2020,5117,4/18/2020,76457,303379,25.2
Vermont,5/2/2020,3875,4/25/2020,60535,303379,19.95
Vermont,5/9/2020,2913,5/2/2020,57040,303379,18.8
Vermont,5/16/2020,2199,5/9/2020,55103,303379,18.16
Virgin Islands,1/4/2020,10,12/28/2019,468,33306,1.41
Virgin Islands,1/11/2020,24,1/4/2020,534,34238,1.56
Virgin Islands,1/18/2020,40,1/11/2020,562,34238,1.64
Virgin Islands,1/25/2020,44,1/18/2020,552,34238,1.61
Virgin Islands,2/1/2020,35,1/25/2020,516,34238,1.51
Virgin Islands,2/8/2020,45,2/1/2020,522,34238,1.52
Virgin Islands,2/15/2020,40,2/8/2020,508,34238,1.48
Virgin Islands,2/22/2020,55,2/15/2020,508,34238,1.48
Virgin Islands,2/29/2020,37,2/22/2020,562,34238,1.64
Virgin Islands,3/7/2020,64,2/29/2020,586,34238,1.71
Virgin Islands,3/14/2020,44,3/7/2020,592,34238,1.73
Virgin Islands,3/21/2020,123,3/14/2020,584,34238,1.71
Virgin Islands,3/28/2020,250,3/21/2020,512,34238,1.5
Virgin Islands,4/4/2020,72,3/28/2020,658,34238,1.92
Virgin Islands,4/11/2020,6,4/4/2020,776,35422,2.19
Virgin Islands,4/18/2020,13,4/11/2020,1322,35422,3.73
Virgin Islands,4/25/2020,103,4/18/2020,1468,35422,4.14
Virgin Islands,5/2/2020,45,4/25/2020,1882,35422,5.31
Virgin Islands,5/9/2020,70,5/2/2020,2812,35422,7.94
Virgin Islands,5/16/2020,66,5/9/2020,3572,35422,10.08
Virginia,1/4/2020,3188,12/28/2019,22171,3722198,0.6
Virginia,1/11/2020,3643,1/4/2020,23577,3731069,0.63
Virginia,1/18/2020,2831,1/11/2020,22218,3731069,0.6
Virginia,1/25/2020,3059,1/18/2020,21661,3731069,0.58
Virginia,2/1/2020,2575,1/25/2020,22263,3731069,0.6
Virginia,2/8/2020,3097,2/1/2020,22049,3731069,0.59
Virginia,2/15/2020,2693,2/8/2020,22481,3731069,0.6
Virginia,2/22/2020,2079,2/15/2020,22493,3731069,0.6
Virginia,2/29/2020,3267,2/22/2020,22203,3731069,0.6
Virginia,3/7/2020,2527,2/29/2020,22714,3731069,0.61
Virginia,3/14/2020,2706,3/7/2020,21336,3731069,0.57
Virginia,3/21/2020,46277,3/14/2020,21628,3731069,0.58
Virginia,3/28/2020,112497,3/21/2020,41827,3731069,1.12
Virginia,4/4/2020,147369,3/28/2020,133184,3731069,3.57
Virginia,4/11/2020,104619,4/4/2020,236791,3731069,6.35
Virginia,4/18/2020,82729,4/11/2020,297993,3739821,7.97
Virginia,4/25/2020,72488,4/18/2020,341295,3739821,9.13
Virginia,5/2/2020,59631,4/25/2020,376689,3739821,10.07
Virginia,5/9/2020,52139,5/2/2020,392673,3739821,10.5
Virginia,5/16/2020,44699,5/9/2020,403557,3739821,10.79
Washington,1/4/2020,10024,12/28/2019,70363,3317884,2.12
Washington,1/11/2020,9069,1/4/2020,70214,3333838,2.11
Washington,1/18/2020,9079,1/11/2020,65903,3333838,1.98
Washington,1/25/2020,8072,1/18/2020,67705,3333838,2.03
Washington,2/1/2020,6619,1/25/2020,65260,3333838,1.96
Washington,2/8/2020,7161,2/1/2020,64144,3333838,1.92
Washington,2/15/2020,6311,2/8/2020,61819,3333838,1.85
Washington,2/22/2020,5585,2/15/2020,59819,3333838,1.79
Washington,2/29/2020,5770,2/22/2020,58586,3333838,1.76
Washington,3/7/2020,6616,2/29/2020,56513,3333838,1.7
Washington,3/14/2020,14240,3/7/2020,55588,3333838,1.67
Washington,3/21/2020,129909,3/14/2020,62623,3333838,1.88
Washington,3/28/2020,182849,3/21/2020,158025,3333838,4.74
Washington,4/4/2020,171252,3/28/2020,309411,3333838,9.28
Washington,4/11/2020,144455,4/4/2020,442936,3351028,13.22
Washington,4/18/2020,83475,4/11/2020,535185,3351028,15.97
Washington,4/25/2020,139505,4/18/2020,573374,3351028,17.11
Washington,5/2/2020,102216,4/25/2020,604048,3351028,18.03
Washington,5/9/2020,110831,5/2/2020,739795,3351028,22.08
Washington,5/16/2020,140119,5/9/2020,1045456,3351028,31.2
West Virginia,1/4/2020,1564,12/28/2019,15887,670192,2.37
West Virginia,1/11/2020,2638,1/4/2020,18026,670051,2.69
West Virginia,1/18/2020,1895,1/11/2020,17681,670051,2.64
West Virginia,1/25/2020,1290,1/18/2020,16745,670051,2.5
West Virginia,2/1/2020,1364,1/25/2020,16905,670051,2.52
West Virginia,2/8/2020,1206,2/1/2020,16588,670051,2.48
West Virginia,2/15/2020,1172,2/8/2020,16856,670051,2.52
West Virginia,2/22/2020,1207,2/15/2020,17355,670051,2.59
West Virginia,2/29/2020,1108,2/22/2020,16797,670051,2.51
West Virginia,3/7/2020,1033,2/29/2020,16110,670051,2.4
West Virginia,3/14/2020,865,3/7/2020,15394,670051,2.3
West Virginia,3/21/2020,3536,3/14/2020,14154,670051,2.11
West Virginia,3/28/2020,14523,3/21/2020,21145,670051,3.16
West Virginia,4/4/2020,14494,3/28/2020,36690,670051,5.48
West Virginia,4/11/2020,14944,4/4/2020,48597,667871,7.28
West Virginia,4/18/2020,46755,4/11/2020,96128,667871,14.39
West Virginia,4/25/2020,29818,4/18/2020,146566,667871,21.95
West Virginia,5/2/2020,13227,4/25/2020,110377,667871,16.53
West Virginia,5/9/2020,6045,5/2/2020,107405,667871,16.08
West Virginia,5/16/2020,5026,5/9/2020,98794,667871,14.79
Wisconsin,1/4/2020,12854,12/28/2019,49605,2848173,1.74
Wisconsin,1/11/2020,8255,1/4/2020,53305,2851929,1.87
Wisconsin,1/18/2020,6388,1/11/2020,44776,2851929,1.57
Wisconsin,1/25/2020,6134,1/18/2020,44077,2851929,1.55
Wisconsin,2/1/2020,6280,1/25/2020,44425,2851929,1.56
Wisconsin,2/8/2020,6579,2/1/2020,44477,2851929,1.56
Wisconsin,2/15/2020,5808,2/8/2020,44163,2851929,1.55
Wisconsin,2/22/2020,6098,2/15/2020,43996,2851929,1.54
Wisconsin,2/29/2020,5658,2/22/2020,43574,2851929,1.53
Wisconsin,3/7/2020,5052,2/29/2020,42337,2851929,1.48
Wisconsin,3/14/2020,5190,3/7/2020,40738,2851929,1.43
Wisconsin,3/21/2020,51031,3/14/2020,43607,2851929,1.53
Wisconsin,3/28/2020,110934,3/21/2020,99574,2851929,3.49
Wisconsin,4/4/2020,104823,3/28/2020,208387,2851929,7.31
Wisconsin,4/11/2020,70000,4/4/2020,262847,2853837,9.21
Wisconsin,4/18/2020,55883,4/11/2020,299532,2853837,10.5
Wisconsin,4/25/2020,49993,4/18/2020,321063,2853837,11.25
Wisconsin,5/2/2020,37885,4/25/2020,314025,2853837,11
Wisconsin,5/9/2020,38710,5/2/2020,313248,2853837,10.98
Wisconsin,5/16/2020,31287,5/9/2020,308397,2853837,10.81
Wyoming,1/4/2020,662,12/28/2019,3219,267362,1.2
Wyoming,1/11/2020,829,1/4/2020,3302,268518,1.23
Wyoming,1/18/2020,636,1/11/2020,3301,268518,1.23
Wyoming,1/25/2020,531,1/18/2020,3354,268518,1.25
Wyoming,2/1/2020,529,1/25/2020,3475,268518,1.29
Wyoming,2/8/2020,589,2/1/2020,3507,268518,1.31
Wyoming,2/15/2020,598,2/8/2020,3699,268518,1.38
Wyoming,2/22/2020,389,2/15/2020,3611,268518,1.34
Wyoming,2/29/2020,471,2/22/2020,3543,268518,1.32
Wyoming,3/7/2020,534,2/29/2020,3508,268518,1.31
Wyoming,3/14/2020,517,3/7/2020,3375,268518,1.26
Wyoming,3/21/2020,3653,3/14/2020,3197,268518,1.19
Wyoming,3/28/2020,6396,3/21/2020,4519,268518,1.68
Wyoming,4/4/2020,6543,3/28/2020,7790,268518,2.9
Wyoming,4/11/2020,5794,4/4/2020,11212,270013,4.15
Wyoming,4/18/2020,4381,4/11/2020,14302,270013,5.3
Wyoming,4/25/2020,3497,4/18/2020,16566,270013,6.14
Wyoming,5/2/2020,2854,4/25/2020,17521,270013,6.49
Wyoming,5/9/2020,3297,5/2/2020,17928,270013,6.64
Wyoming,5/16/2020,2303,5/9/2020,17335,270013,6.42